{"polylines_points": [], "filename": "pyntcloud_plot", "point_size": 0.3, "polylines_colors": [], "camera_position": [7.592938198975655, 3.676906434425523, 1.4058936722530866], "point_opacity": 0.9, "look_at": [0.00024788198112346885, -2.3893422446093982e-05, 2.178587919559499e-05]}